<?xml version="1.0" encoding="UTF-8"?>
<project-private xmlns="http://www.netbeans.org/ns/project-private/1">
    <editor-bookmarks xmlns="http://www.netbeans.org/ns/editor-bookmarks/2" lastBookmarkId="0"/>
    <open-files xmlns="http://www.netbeans.org/ns/projectui-open-files/2">
        <group>
            <file>file:/C:/Study/prog%20tech/jme/arrowGame/src/mygame/PlayerManager.java</file>
            <file>file:/C:/Study/prog%20tech/jme/arrowGame/src/mygame/GuiManager.java</file>
            <file>file:/C:/Study/prog%20tech/jme/arrowGame/src/mygame/InteractionManager.java</file>
            <file>file:/C:/Study/prog%20tech/jme/arrowGame/src/mygame/Player.java</file>
            <file>file:/C:/Study/prog%20tech/jme/arrowGame/src/mygame/wall.java</file>
            <file>file:/C:/Study/prog%20tech/jme/arrowGame/src/mygame/GameManager.java</file>
            <file>file:/C:/Study/prog%20tech/jme/arrowGame/src/mygame/AudioManager.java</file>
            <file>file:/C:/Study/prog%20tech/jme/arrowGame/src/mygame/SceneManager.java</file>
            <file>file:/C:/Study/prog%20tech/jme/arrowGame/src/mygame/Main.java</file>
        </group>
    </open-files>
</project-private>
